,title,price,label,capacity,rating,rating_nums,buys_last_month,price_per_oz,description_from_gpt
sofa1,"Yaheetech Modren Club Chair with Ottoman Set, Comfy Fabric Accent...",84.99,,,4,1102,100+,,"priced at $84.99, which is a Modern Club Chair accompanied by an ottoman, distinct with its unique script fabric accent design, offering a decorative touch that sets it apart from the solid colors and textures of the other sofas. This chair exudes an antique charm with its classic barrel shape and printed upholstery, which contrasts with the contemporary and minimalist designs like the clean lines of sofa 9. Its inclusion of an ottoman for added comfort is a feature not visibly offered by other selections in the image. As for its cost, it is positioned as one of the most affordable options, second only to sofa 5 in terms of economy. This price point, coupled with its distinctive aesthetic and additional ottoman, makes it an intriguing choice for those seeking functionality and a visual statement without a significant investment."
sofa2,ZINUS Aidan Sling Accent Chair / Metal Framed Armchair with…,95.99,Polyester;Foam; Metal,,4.5,550,400+,,"listed at $95.99, which is a Aidan Sling Accent Chair that stands out with its sleek, contemporary design, featuring a metal framed armchair with a hint of industrial flair that markedly differs from the more traditional and plush options in the collection. Its minimalist and airy frame, composed of polyester, foam, and metal, offers a modern and almost architectural contrast to the other more upholstered and substantial looking sofas. This sofa has a distinctly slender profile with a streamlined appearance, unlike the fuller and more classic silhouettes such as the cushioned and comfortable sofa 8 or the visually heavy sofa 10. In the price hierarchy, it is positioned on the lower end, making it more affordable than most of the other options, yet slightly more expensive than the very budget-friendly sofa 5 at $72.99. It represents a blend of affordability and a modern, almost minimalist aesthetic for those appreciating a contemporary touch."
sofa3,"COLAMY Modern Upholstered Accent Chair Armchair with Pillow, Fabric…",119.89,Memory foam,,4.5,502,200+,,"priced at $119.89, which is an elegantly designed Arm Chair that features a rich burgundy upholstery, offering a touch of luxurious and traditional aesthetics. This chair stands out with its refined and detailed button tufting on the back, providing a classic design element that contrasts with the simpler, more modern designs of sofas like numbers 2 and 4. The robust wooden legs and the substantial, rounded armrests enhance its traditional look, making it distinct from the more minimalist and contemporary pieces in the selection. Positioned in the lower-middle price range, it offers a more affordable yet classic choice within the collection, higher than the budget options like sofa 5 but less expensive than the top-end sofa 10. It appeals to those looking for a mix of classic comfort with a touch of elegance at a reasonable price."
sofa4,"Mid-Century Accent Chair, Modern Linen Fabric Armchair for Living room",159.99,wood,,4.5,36,200+,,"priced at $159.99, which is a Mid-Century Accent Chair featuring a modern linen fabric design suitable for living spaces. Its notable characteristics include a clean, angular wooden frame that gives it a distinctive mid-century modern aesthetic, differing from the other sofas in the image which exhibit a variety of styles, such as the classic tufted design of sofa 5 and the plush, overstuffed look of sofa 8. This piece also has a more structured and upright seating position compared to the more relaxed and casual styles presented by others. Price-wise, it falls into the mid-range category within this selection of sofas, neither being the most economical option like sofa 5 at $72.99 nor the most premium one like sofa 10 at $289.00. Its price reflects its balance of a timeless style with contemporary comfort."
sofa5,"Yaheetech Modern Living Room Chair, Mid-Century Armchair Button",72.99,Polyester,,4.5,175,50+,,"priced at $72.99, which is the most affordable option among the selection presented. It's a Modern Living Room Chair, designed with a mid-century armchair style and upholstered in a dark grey polyester fabric. This sofa is distinct from the others in its simple, clean lines and compact size, making it potentially ideal for smaller spaces or as an accent piece in a room. Its dark wooden legs contrast with the lighter frames seen on some of the other sofas, and its structured armrests and back provide a modern geometric silhouette compared to the more plush, rounded or ornate designs of some other options, such as the traditional wingback style of sofa 3 or the soft boucle fabric of sofa 6. In the price hierarchy, it sits at the lower end, offering a budget-friendly choice that doesn't sacrifice style for cost."
sofa6,Yaheetech Fabric Recliner Chair Single Sofa Home Theater Seatting…,104.99,Boucle Fabric,,4.5,6230,50+,,"priced at $104.99, which stands out as a cozy, inviting piece with its plush boucle fabric upholstery that lends a textural charm differing from the other sofas which mostly feature smoother fabric finishes. Its recliner design suggests comfort and relaxation, distinctly different from the more formal and upright seating options in the selection. This sofa, with its creamy hue and soft contours, provides a contrast to the sleek and angular lines of mid-century styles like sofa 4 or the bold and tufted designs of sofas 5 and 10. In terms of pricing, it is placed in the lower-middle range among the collection, offering a more affordable yet comfortable seating option, surpassing the minimalist budget choices such as sofa 5 at $72.99 but well below the highest-priced sofa 10 at $289.00, making it a potentially attractive choice for those seeking both comfort and affordability."
sofa7,"Lifestyle Solutions Lexington Arm Chair, 39.8"" W x 31.1"" D × 33.5"" H,…",163.99,Wood,,4.5,2281,200+,,"priced at $163.99, which is a Arm Chair, notable for its deep navy blue upholstery and substantial, squared design that imparts a modern yet timeless appeal, setting it apart from the other sofas with its bold color and form. Its wooden legs are short and dark, providing a solid foundation that contrasts with the lighter and more tapered legs of sofas like number 4. The armrests are broad and welcoming, differing from the slender and more delicate arms of sofas like number 2. Positioned in the mid-range price tier within this collection, it is not as economical as the minimalistic and lower-priced sofa 5 at $72.99, nor as high-end as the premium sofa 10 at $289.00. This sofa is thus positioned for those seeking a fusion of classic comfort with a statement color, at a price that balances affordability with a robust design."
sofa8,"Lazy Chair, Leisure Sofa Chair Come w/a Steel Frame, Velvet Frabic...",124.99,Alloy Steel,,4.5,52,,,"priced at $124.99, which is a Lazy Chair/Leisure Sofa Chair characterized by its voluptuous and plush design. Upholstered in a soft, gray velvet fabric, it provides an essence of luxury and comfort that stands out from the other more structured and less cushioned sofas. Its distinctive, almost nest-like shape with generous padding sets it apart from the sleek lines and tailored look of mid-century designs, like those of sofas 4 and 9. The sofa sits on alloy steel legs, which give a contemporary and durable touch compared to the predominantly wooden bases of the other sofas. Price-wise, it finds itself comfortably in the middle of the range, more affordable than the refined elegance of the highest-priced sofa 10 at $289.00 but higher than the budget-friendly options like sofa 5 at $72.99. It offers a blend of comfort and style, appealing to those who prioritize a soft and enveloping seating experience."
sofa9,"VINGLI Mid Century Modern Accent Chair, Light Grey Fabric Chairs for...",159.99,,,4.5,178,100+,,"priced at $159.99, which is a Mid Century Modern Accent Chair that exudes a refined simplicity with its light grey fabric upholstery and clean lines. Its minimalist aesthetic is accentuated by the slight flare of the armrests and the unadorned, sturdy wooden legs, setting it apart from the more ornate or plush designs like the traditional button-tufted sofa 5 or the deeply cushioned sofa 8. This chair would blend seamlessly into a contemporary space that values understated elegance and modern design. In terms of pricing, it sits in the upper-mid range within this selection of sofas, offering a mid-priced option that is neither as economical as the most affordable sofa 5 at $72.99, nor as premium as the luxe sofa 10 at $289.00. It represents a balance between quality and value, catering to those who seek modern style without venturing into the highest price bracket."
sofa10,"38.6"" W Modern Style Chenille Accent Chair Single Sofa for Living…",289,wood,,4,11,200+,,"priced at $289.00, which is the most expensive within the selection, presenting itself as a large and traditional-style chenille accent chair. Its substantial size and the inclusion of throw pillows distinguish it from the more minimalist and contemporary designs such as the sleek number 9 or the understated number 4. The fabric choice of chenille offers a textured and luxurious feel, in contrast to the smoother linen or polyester fabrics seen on other sofas. This piece sits on wooden legs and its design features flared armrests and a cushioned back, providing a more classic and opulent aesthetic compared to the others. It's positioned at the top of the price range, indicating its premium status, likely due to its larger dimensions and rich material, appealing to those who are looking for a statement piece that also offers comfort and traditional elegance."
toothpaste1,"Colgate Baking Soda & Peroxide Toothpaste - Whitens Teeth, Fights Cavities & Removes Stains, Brisk…",3.94,Mint,6 Ounce (Pack of 2),4.5,15382,40k+,0.33,"Cavity Protection Regular Fluoride Toothpaste, characterized by its classic formula aimed at preventing cavities and strengthening teeth with fluoride. Its straightforward packaging is less flashy than some of its counterparts, suggesting a no-nonsense approach to dental hygiene. In contrast to the other options presented, it does not boast of specialized features such as whitening or sensitivity relief, focusing solely on fundamental cavity protection. With a cost of $0.31 per ounce, it falls into the budget-friendly category, making it the most affordable option in the entire selection. This positions it as an economical choice for consumers seeking basic dental care without the added cost of specialized benefits offered by higher-priced alternatives."
toothpaste2,"Sensodyne Repair and Protect Whitening Toothpaste, Toothpaste for Sensitive Teeth and Cavity…",12.48,Whitening Paste,3.4 Ounce (Pack of 2),4.5,42724,20k+,1.84,"Cavity Protection Fluoride Toothpaste, which comes in a cool mint flavor and is packaged in a 5.6-ounce tube. Its tri-color appearance, consisting of red, white, and blue stripes, is visually distinctive and emblematic of its multi-faceted approach to oral health, specifically focusing on cavity protection. This sets it apart from other toothpastes in the selection, many of which target additional benefits such as whitening or sensitivity relief. In terms of pricing hierarchy, at $0.63 per ounce, it falls within the mid-range category among the toothpastes displayed. This price point positions it as a cost-effective option that provides essential dental care benefits, making it more affordable than specialized products like Marvis Classic Strong Mint at $2.76/ounce, but slightly more premium compared to the most economical choice, Colgate Cavity Protection Regular Fluoride Toothpaste at $0.31/ounce."
toothpaste3,"Colgate Max Fresh Whitening Toothpaste with Mini Strips, Clean Mint Toothpaste for Bad Breath,…",11.19,Clean Mint,6.3 Ounce (Pack of 4),5,22185,40k+,0.44,"Optic White Stain Fighter Whitening Toothpaste, which boasts a formula specialized in stain removal and whitening, flavored with clean mint. Unlike other toothpastes in the selection that might target general oral health or offer specific treatments like sensitivity relief, this one emphasizes cosmetic enhancement by promising a visibly whiter smile. The packaging conveys a sense of advanced dental technology with its sleek, clinical design. Priced at $0.83 per ounce, it is situated towards the upper end of the mid-range category among the assortment showcased. It's more expensive than basic cavity-fighting options like the Colgate Cavity Protection Regular Fluoride Toothpaste at $0.31/ounce but remains more accessible compared to premium or luxury selections such as the Marvis Classic Strong Mint at $2.76/ounce, making it an appealing choice for those prioritizing whitening without venturing into the highest price tier."
toothpaste4,"Colgate Optic White Stain Fighter Whitening Toothpaste, Clean Mint Flavor, Safely Removes Surface...",3.7,Clean Mint,4.2 Ounce (Pack of 1),4.5,2365,10k+,0.88,"Fluoride Free Toothpaste, which sets itself apart by using nano-hydroxyapatite, a non-fluoride remineralizing agent, and is marketed for sensitive teeth. Its packaging is minimalist and comes in an ""Ela Mint"" flavor, which suggests a natural and perhaps more sophisticated approach to dental care. In contrast to the fluoride-based toothpastes in the image, this product appeals to those looking for alternative dental health options. Priced at a premium $3.25 per ounce, it is the most expensive toothpaste per ounce in the selection, positioning it in the luxury category. This price point reflects its niche appeal, likely targeting consumers who are seeking specialized, possibly more natural toothpaste solutions and are willing to invest more in their oral health products."
toothpaste5,"Tom's of Maine Fluoride-Free Antiplaque & Whitening Natural Toothpaste, Peppermint, 5.5 oz. 2-...",10.68,Peppermint,5.5 Ounce (Pack of 2),4.5,46656,50k+,0.97,"Complete Care Toothpaste, which distinguishes itself with a formula that includes baking soda for deep cleaning and freshening, along with fluoride for cavity protection. This product leverages the natural cleaning power of baking soda, setting it apart from others that might rely more on chemical compounds for their efficacy. The packaging is bold and straightforward, communicating the brand's utilitarian approach to comprehensive dental care. Priced at $0.66 per ounce, it places comfortably in the mid-range category on the price spectrum within this group. It is more cost-effective than specialized formulas like the Boka Fluoride Free Toothpaste at $3.25/ounce but is slightly more premium than the basic Colgate Cavity Protection option at $0.31/ounce, making it an affordable yet comprehensive dental care choice for consumers."
toothpaste6,Crest Pro-Health Clean Mint Toothpaste (4.3oz) Triple Pack,8.97,Mint,4.3 Ounce (Pack of 3),4.5,36255,10k+,0.7,"Pro-Health Advanced Gum Protection Toothpaste, designed specifically to target gum health as well as providing cavity protection. Its unique selling point is the focus on preventing gingivitis, which is a step beyond the basic cavity protection offered by standard toothpastes like the Colgate Cavity Protection. The packaging, with a professional blue and white color scheme, implies clinical efficacy and advanced dental care technology. At $0.77 per ounce, it is on the higher side of the mid-range pricing category among the toothpastes presented. It's more affordable than specialized treatments such as the Boka Fluoride Free Toothpaste at $3.25/ounce but is more expensive than the most budget-friendly option, Colgate Cavity Protection, at $0.31/ounce, positioning it as a moderately priced option that offers specialized gum care benefits."
toothpaste7,"Crest Complete Active Fresh + Whitening Toothpaste, 5.5oz (Pack of 4)",10.99,Mint,5.5 Ounce (Pack of 4),4.5,2405,10k+,0.5,"Classic Strong Mint Toothpaste, an Italian brand known for its distinctive, rich flavor profile and chic, vintage-inspired packaging. Unlike the other options in the selection, Marvis offers a unique blend of both a luxurious sensory experience and aesthetic appeal, targeting those who consider oral hygiene part of a lifestyle statement. It does not emphasize specific dental health claims like whitening or cavity protection as prominently as some others, such as Colgate Optic White or Crest Pro-Health, focusing instead on the quality of the user experience. Marvis is priced at $2.76 per ounce, which is a luxury price point in the lineup-significantly higher than the base and mid-range price points, and lower than the $3.25 per ounce premium Boca fluoride-free toothpaste and , making it one of the more luxurious options."
toothpaste8,"Colgate Optic White Renewal Teeth Whitening Toothpaste, Enamel Strength, 3 Oz Tube, 2 Pack",15.19,Mint,3 Ounce (Pack of 2),4.5,37725,6k+,2.53,"Optic White Pro Series Whitening Toothpaste, which is distinguished by its advanced whitening properties, boasting a higher concentration of hydrogen peroxide (5%) than standard whitening toothpastes. This focus on professional-level whitening sets it apart from the general cavity protection and breath freshening offerings of the other toothpastes in the image. It's specifically aimed at those seeking noticeable cosmetic dental results, with packaging that communicates a premium, clinical efficacy. At $3 per ounce, it is at the high end of the spectrum of toothpastes and is considered a luxury product. It is second only to the most expensive Boca Fluoride-Free Toothpaste ($3.25 per ounce) and significantly more expensive than everyday toothpastes such as Colgate Cavity Protection Regular Fluoride Toothpaste ($0.31 per ounce), reflecting its special position in the oral care market."
toothpaste9,"Colgate Total Whitening Toothpaste, Mint Toothpaste, 5.1 oz Tube, 2 Pack",7.32,Whitening Paste,5.1 Ounce (Pack of 2),4.5,4099,8k+,0.72,"Rapid Relief Sensitive Toothpaste, a product specially formulated for individuals with sensitive teeth, providing rapid relief and long-term protection against sensitivity, alongside cavity prevention and gingivitis treatment. This toothpaste stands out from the rest due to its clinically proven ingredient, stannous fluoride, which acts quickly to create a protective barrier over sensitive areas of the teeth. The design of the tube conveys a clinical and therapeutic approach, which differs from the more traditional or cosmetic-focused branding of the others. Priced at $1.74 per ounce, Sensodyne is placed in the premium segment within this selection of toothpastes. While not as expensive as the luxury-tier Boka at $3.25/ounce or Marvis at $2.76/ounce, it is priced higher than basic options like Colgate Cavity Protection at $0.31/ounce, reflecting its specialized formula for sensitivity relief."
toothpaste10,"Crest Pro-Health Advanced Sensitive & Enamel Shield Toothpaste, 5.1 Ounce (Pack of 1) - Packaging May…",3.92,,5.1 Ounce (Pack of 1),4.5,5276,5k+,0.77,"Complete Protection Toothpaste, specifically formulated to combat gum disease by stopping and preventing bleeding gums, which is a unique feature not prominently targeted by the other toothpastes in this selection. It offers eight benefits for healthier gums and stronger teeth, making it a comprehensive choice for individuals dealing with or wanting to prevent gum issues. The packaging emphasizes its specialized function with a clean, medicinal look that suggests clinical effectiveness. Priced at $2.05 per ounce, Parodontax fits into the premium price class among the toothpastes shown. It is more affordable than the high-end luxury options like Marvis at $2.76/ounce and Boka at $3.25/ounce but is priced above basic and general-purpose toothpastes, such as Colgate Cavity Protection at $0.31/ounce, underscoring its specialized focus on gum health."
shampoo1,"Mielle Organics Rosemary Mint Strengthening Shampoo Infused with Biotin, Cleanses and Helps…",9.97,Mint,12,4.5,15844,30k+,0.83,"rosemary mint strengthening shampoo, which is distinctive in its botanical approach, being infused with biotin and formulated to help cleanse, hydrate, and strengthen hair. This shampoo sets itself apart from the others in the image by specifically targeting hair strengthening with the invigorating presence of rosemary and mint, which are known for their stimulating properties for the scalp. Additionally, it’s marketed as being rich in nutrients with a focus on organic ingredients, appealing to those who prefer more natural hair care options. In terms of price hierarchy, it sits in the mid-range among the selection presented, priced at $0.83 per fluid ounce, which is above the  low price threshold of $0.80 per fluid ounce. This positions it as more expensive than the budget options, like the Herbal Essences and Garnier Fructis, but less than premium selections such as the Redken and Nizoral shampoos."
shampoo2,Vanicream Shampoo - pH Balanced Mild Formula Effective For All Hair Types and Sensitive Scalps - Free of…,11.29,Unscented,12,4.5,11619,10k+,0.94,"a shampoo notable for its gentle, pH-balanced formula designed specifically for those with sensitive skin, free from common irritants such as dyes, fragrance, parabens, and sulfates. This shampoo differentiates itself by offering a hypoallergenic solution, making it ideal for individuals with allergies or scalp sensitivities that may be exacerbated by more conventional shampoo ingredients. The simplicity and focus on skin and scalp health without irritants highlight its unique position in the lineup. It's also a popular choice among those who need a product that won't interfere with dermatological treatments or irritate sensitive skin. Priced at $0.94 per fluid ounce, Vanicream sits just above the low-price threshold in the mid-price range. It's more economical than specialized treatment shampoos like Nizoral or Redken, yet slightly more expensive than the most budget-friendly options like Herbal Essences, making it a moderate option for those requiring gentle care."
shampoo3,"Paul Mitchell Awapuhi Shampoo, Original Wash, Balances Moisture, For All Hair Types",17.5,,16.9,4.5,15973,5k+,1.04,"a shampoo with an original wash formulated to balance moisture for all hair types. What sets this shampoo apart from the others in the image is its use of awapuhi, also known as Hawaiian white ginger, which is known for its ability to provide intense moisture and shine to the hair. This particular product may appeal to those seeking a salon-quality wash with a reputation for professional results. Additionally, it is positioned as a premium brand that often resonates with salon-goers. With a price of $1.04 per fluid ounce, it sits just above the mid-price threshold defined in our hierarchy. It's more expensive than basic care options like Herbal Essences and Amazon Basics but less pricey than the specialized treatments like Redken Extreme and Nizoral Anti-Dandruff shampoos, placing it toward the higher end among the mid-range options."
shampoo4,Herbal Essences Hello hydration shampoo shampooing for hair 29.2 FL OZ,7.97,Coconut,29.2,4.5,2488,4k+,0.27,"a shampoo features an emphasis on hydration and contains coconut essence to ensure a moisturizing experience for the hair. This product stands out in the assortment for its appealing tropical scent profile and its focus on delivering deep moisture, likely appealing to those with dry hair seeking a sensory, refreshing wash. In terms of price, it's the most economical option presented, at $0.27 per fluid ounce, placing it firmly in the low-price category in our hierarchy. It's positioned as more affordable compared to the other offerings, making it a budget-friendly choice that doesn't compromise on providing a specific hair care benefit—hydration, in this case—unlike some of the other shampoos which are targeted towards more specialized needs such as dandruff treatment or hair strengthening."
shampoo5,Redken Extreme Shampoo | Prevents Hair Breakage & Repair for Damaged Hair | Strengthen and Fortify Hair,26,Citrus,10.1,4.5,12074,3k+,2.57,"tailored specifically for damaged hair, offering a formula designed to prevent breakage and repair hair from the core. Its distinction lies in its targeted approach to treating and fortifying stressed and damaged strands, leveraging a protein complex to strengthen hair, which is quite specialized when compared to the broader moisturizing or cleansing focuses of the other shampoos in the lineup. This shampoo is positioned as a professional, salon-grade product that addresses hair health on a structural level. With its price at $2.57 per fluid ounce, it occupies the highest price tier in the hierarchy of the selection presented, making it a premium option. Its cost is significantly higher than the more budget-conscious choices like Herbal Essences and Amazon Basics, and it even exceeds the other specialized formula, Nizoral, reflecting its salon-brand positioning and specialized hair repair capabilities."
shampoo6,"Garnier Fructis Pure Clean Purifying Shampoo, Silicone-Free",3.47,Citrus,12.5,4.5,20574,10k+,0.28,"shampoo features a silicone-free formula aimed at delivering a pure and clean feel. It distinguishes itself from the others by not only being silicone-free but also by promoting a blend that includes citrus extract, known for its cleansing properties and refreshing scent. This positions the product for those looking for a straightforward, refreshing clean that avoids heavier additives, catering to those who prefer a more natural hair care regimen. In the price hierarchy, this shampoo is in the low-price category at $0.28 per fluid ounce, which places it among the most economical options available in the image. It is priced comparably to the budget-friendly Herbal Essences shampoo but is significantly less expensive than specialized shampoos like Redken or Nizoral, marking it as an accessible choice for daily use without specialized treatment features."
shampoo7,"Head & Shoulders Supreme Dandruff Shampoo with Argan Oil, Anti Dandruff Scalp Treatment, Sulfate…",23.83,Unscented,28.2,4.5,7970,4k+,0.85,"Head & Shoulders supreme dandruff shampoo, notable for its inclusion of argan oil and its dandruff-targeting formulation. This shampoo stands out for its dual focus on scalp health—by utilizing an anti-dandruff ingredient that fights flakes—and hair nourishment, thanks to the argan oil known for its moisturizing properties. This combination is particularly designed for those who need a dandruff solution without sacrificing hair softness and shine. Its unscented nature also sets it apart, catering to users who are sensitive to fragrances. With a cost of $0.85 per fluid ounce, it's just over the low price threshold into the mid-range category in our price hierarchy. It's more affordable than specialized shampoos like the Redken and Paul Mitchell offerings, yet slightly more expensive than the very budget-conscious options like Herbal Essences and Garnier Fructis, positioning it as a value-focused choice for those dealing with scalp concerns."
shampoo8,Rosemary and Biotin Shampoo for Thinning Hair - Vegan Volumizing Shampoo for Fine Hair with Argan…,11.95,,8,4.5,53393,10k+,1.49,"the shampoo for Thinning Hair, specifically formulated to address hair thinning concerns. It is enriched with natural ingredients like rosemary and biotin, which are known to stimulate the scalp and potentially aid in hair growth and thickness. This product differentiates itself from others in the lineup by targeting a specific hair concern—thinning hair—with active ingredients intended to fortify and enhance hair volume. Additionally, it appeals to those looking for natural hair care solutions. Priced at $1.49 per fluid ounce,  this shampoo is on the pricier side of the mid-price range, making it more affordable than the highest-priced options like Redken Extreme and Nizoral Anti-Dandruff but more expensive than the basic daily use shampoos like Herbal Essences and Garnier Fructis. This places it as a specialized yet relatively accessible option for those concerned with hair thinning."
shampoo9,Amazon Basics Moisturizing Dandruff Shampoo,5.65,Peppermint,11,4,33,1k+,0.51,"basics moisturizing dandruff shampoo, designed to offer a practical solution for managing dandruff while providing moisture to the hair. This product stands out in the assortment due to its dual functionality, balancing the treatment of dandruff with the need for hair hydration, a combination not commonly emphasized in more specialized dandruff shampoos. Its branding under Amazon Basics indicates an approach focused on affordability and essential performance, appealing to cost-conscious consumers seeking effective results without frills. With a price point of $0.51 per fluid ounce, it is classified among the low-price range in the hierarchy, making it more affordable than most other options, except for the extremely budget-friendly Herbal Essences and Garnier Fructis shampoos. This positions it as an economical choice for daily use, particularly for those dealing with dry scalp and dandruff issues."
shampoo10,"Nizoral Anti-Dandruff Shampoo with 1% Ketoconazole, Fresh Scent",15.88,,7,4.5,89249,100k+,2.27,"anti-dandruff shampoo, which stands out due to its active ingredient, ketoconazole 1%, a potent antifungal that targets the underlying cause of dandruff. This ingredient sets it apart from other dandruff shampoos in the image that may use different active components or focus more on symptom management rather than addressing a specific fungal cause. Nizoral is often recommended for those suffering from severe dandruff or dermatitis, offering a clinical approach to scalp health. It is also suitable for all hair types, including color-treated hair, making it versatile. In terms of pricing, Nizoral is at the high end, priced at $2.27 per fluid ounce, which places it in the high-price category within this selection. It is among the most expensive options available, surpassed only by Redken Extreme, reflecting its specialized medical formulation and effectiveness."